Part Suppliers,Part,Supplier Location,Assembly Location,Variant,Carrier,Registration
Lynden,Aft fuselage,USA,South,A,Crescent Airways,12358
Astra,Cargo access doors,Sweden,South,A,Crescent Airways,12358
Breda,Center fuselage,Italy,South,A,Crescent Airways,12358
Toho,Center wing box,Japan,South,A,Crescent Airways,12358
Flexlink,Engine nacelles,USA,South,A,Crescent Airways,12358
Future Avionics,Engines,USA,South,A,Crescent Airways,12358
MC Technologies,Fixed and movable leading edge,USA,South,A,Crescent Airways,12358
Suki Corp,Fixed trailing edge,Japan,South,A,Crescent Airways,12358
MC Technologies,Forward fuselage,USA,South,A,Crescent Airways,12358
Suki Corp,Exterior Lighting,Japan,South,A,Crescent Airways,12358
Breda,Horizontal stabilizers,Italy,South,A,Crescent Airways,12358
Lancaster Co,Landing gear,England,South,A,Crescent Airways,12358
Millford Inc,Landing gear doors,Canada,South,A,Crescent Airways,12358
Suki Corp,Main landing gear wheel well,Japan,South,A,Crescent Airways,12358
Millford Inc,Movable trailing edge,Australia,South,A,Crescent Airways,12358
Akri,Passenger entry doors,France,South,A,Crescent Airways,12358
Millford Inc,Tail fin,USA,South,A,Crescent Airways,12358
Millford Inc,Wing/body fairing,Canada,South,A,Crescent Airways,12358
Tokyo Aviation,Wings,Japan,South,A,Crescent Airways,12358
KAC,Wingtips,Korea,South,A,Crescent Airways,12358
Lynden,Aft fuselage,USA,South,C,Crescent Airways,13465
Astra,Cargo access doors,Sweden,South,C,Crescent Airways,13465
Breda,Center fuselage,Italy,South,C,Crescent Airways,13465
Toho,Center wing box,Japan,South,C,Crescent Airways,13465
Flexlink,Engine nacelles,USA,South,C,Crescent Airways,13465
Future Avionics,Engines,USA,South,C,Crescent Airways,13465
MC Technologies,Fixed and movable leading edge,USA,South,C,Crescent Airways,13465
Suki Corp,Fixed trailing edge,Japan,South,C,Crescent Airways,13465
MC Technologies,Forward fuselage,USA,South,C,Crescent Airways,13465
Suki Corp,Exterior Lighting,Japan,South,C,Crescent Airways,13465
Breda,Horizontal stabilizers,Italy,South,C,Crescent Airways,13465
Lancaster Co,Landing gear,England,South,C,Crescent Airways,13465
Millford Inc,Landing gear doors,Canada,South,C,Crescent Airways,13465
Suki Corp,Main landing gear wheel well,Japan,South,C,Crescent Airways,13465
Millford Inc,Movable trailing edge,Australia,South,C,Crescent Airways,13465
Akri,Passenger entry doors,France,South,C,Crescent Airways,13465
Millford Inc,Tail fin,USA,South,C,Crescent Airways,13465
Millford Inc,Wing/body fairing,Canada,South,C,Crescent Airways,13465
Tokyo Aviation,Wings,Japan,South,C,Crescent Airways,13465
KAC,Wingtips,Korea,South,C,Crescent Airways,13465
Lynden,Aft fuselage,USA,North,A,Fly ME,14751
Astra,Cargo access doors,Sweden,North,A,Fly ME,14751
Breda,Center fuselage,Italy,North,A,Fly ME,14751
Toho,Center wing box,Japan,North,A,Fly ME,14751
Flexlink,Engine nacelles,USA,North,A,Fly ME,14751
Future Avionics,Engines,USA,North,A,Fly ME,14751
MC Technologies,Fixed and movable leading edge,USA,North,A,Fly ME,14751
Suki Corp,Fixed trailing edge,Japan,North,A,Fly ME,14751
MC Technologies,Forward fuselage,USA,North,A,Fly ME,14751
Suki Corp,Exterior Lighting,Japan,North,A,Fly ME,14751
Breda,Horizontal stabilizers,Italy,North,A,Fly ME,14751
Lancaster Co,Landing gear,England,North,A,Fly ME,14751
Millford Inc,Landing gear doors,Canada,North,A,Fly ME,14751
Suki Corp,Main landing gear wheel well,Japan,North,A,Fly ME,14751
Millford Inc,Movable trailing edge,Australia,North,A,Fly ME,14751
Akri,Passenger entry doors,France,North,A,Fly ME,14751
Millford Inc,Tail fin,USA,North,A,Fly ME,14751
Millford Inc,Wing/body fairing,Canada,North,A,Fly ME,14751
Tokyo Aviation,Wings,Japan,North,A,Fly ME,14751
KAC,Wingtips,Korea,North,A,Fly ME,14751
Lynden,Aft fuselage,USA,South,C,Go There Aiways,16156
Astra,Cargo access doors,Sweden,South,C,Go There Aiways,16156
Breda,Center fuselage,Italy,South,C,Go There Aiways,16156
Toho,Center wing box,Japan,South,C,Go There Aiways,16156
Flexlink,Engine nacelles,USA,South,C,Go There Aiways,16156
Bentford Industries,Engines,England,South,C,Go There Aiways,16156
MC Technologies,Fixed and movable leading edge,USA,South,C,Go There Aiways,16156
Suki Corp,Fixed trailing edge,Japan,South,C,Go There Aiways,16156
MC Technologies,Forward fuselage,USA,South,C,Go There Aiways,16156
Suki Corp,Exterior Lighting,Japan,South,C,Go There Aiways,16156
Breda,Horizontal stabilizers,Italy,South,C,Go There Aiways,16156
Lancaster Co,Landing gear,England,South,C,Go There Aiways,16156
Millford Inc,Landing gear doors,Canada,South,C,Go There Aiways,16156
Suki Corp,Main landing gear wheel well,Japan,South,C,Go There Aiways,16156
Millford Inc,Movable trailing edge,Australia,South,C,Go There Aiways,16156
Akri,Passenger entry doors,France,South,C,Go There Aiways,16156
Millford Inc,Tail fin,USA,South,C,Go There Aiways,16156
Millford Inc,Wing/body fairing,Canada,South,C,Go There Aiways,16156
Tokyo Aviation,Wings,Japan,South,C,Go There Aiways,16156
KAC,Wingtips,Korea,South,C,Go There Aiways,16156
Lynden,Aft fuselage,USA,North,B,Fly ME,16878
Astra,Cargo access doors,Sweden,North,B,Fly ME,16878
Breda,Center fuselage,Italy,North,B,Fly ME,16878
Toho,Center wing box,Japan,North,B,Fly ME,16878
Flexlink,Engine nacelles,USA,North,B,Fly ME,16878
Future Avionics,Engines,USA,North,B,Fly ME,16878
MC Technologies,Fixed and movable leading edge,USA,North,B,Fly ME,16878
Suki Corp,Fixed trailing edge,Japan,North,B,Fly ME,16878
MC Technologies,Forward fuselage,USA,North,B,Fly ME,16878
Suki Corp,Exterior Lighting,Japan,North,B,Fly ME,16878
Breda,Horizontal stabilizers,Italy,North,B,Fly ME,16878
Lancaster Co,Landing gear,England,North,B,Fly ME,16878
Millford Inc,Landing gear doors,Canada,North,B,Fly ME,16878
Suki Corp,Main landing gear wheel well,Japan,North,B,Fly ME,16878
Millford Inc,Movable trailing edge,Australia,North,B,Fly ME,16878
Akri,Passenger entry doors,France,North,B,Fly ME,16878
Millford Inc,Tail fin,USA,North,B,Fly ME,16878
Millford Inc,Wing/body fairing,Canada,North,B,Fly ME,16878
Tokyo Aviation,Wings,Japan,North,B,Fly ME,16878
KAC,Wingtips,Korea,North,B,Fly ME,16878
Lynden,Aft fuselage,USA,South,B,Paragon Airlines,16879
Astra,Cargo access doors,Sweden,South,B,Paragon Airlines,16879
Breda,Center fuselage,Italy,South,B,Paragon Airlines,16879
Toho,Center wing box,Japan,South,B,Paragon Airlines,16879
Flexlink,Engine nacelles,USA,South,B,Paragon Airlines,16879
Future Avionics,Engines,USA,South,B,Paragon Airlines,16879
MC Technologies,Fixed and movable leading edge,USA,South,B,Paragon Airlines,16879
Suki Corp,Fixed trailing edge,Japan,South,B,Paragon Airlines,16879
MC Technologies,Forward fuselage,USA,South,B,Paragon Airlines,16879
Suki Corp,Exterior Lighting,Japan,South,B,Paragon Airlines,16879
Breda,Horizontal stabilizers,Italy,South,B,Paragon Airlines,16879
Lancaster Co,Landing gear,England,South,B,Paragon Airlines,16879
Millford Inc,Landing gear doors,Canada,South,B,Paragon Airlines,16879
Suki Corp,Main landing gear wheel well,Japan,South,B,Paragon Airlines,16879
Millford Inc,Movable trailing edge,Australia,South,B,Paragon Airlines,16879
Akri,Passenger entry doors,France,South,B,Paragon Airlines,16879
Millford Inc,Tail fin,USA,South,B,Paragon Airlines,16879
Millford Inc,Wing/body fairing,Canada,South,B,Paragon Airlines,16879
Tokyo Aviation,Wings,Japan,South,B,Paragon Airlines,16879
KAC,Wingtips,Korea,South,B,Paragon Airlines,16879
Lynden,Aft fuselage,USA,South,A,US Flyer,17401
Astra,Cargo access doors,Sweden,South,A,US Flyer,17401
Breda,Center fuselage,Italy,South,A,US Flyer,17401
Toho,Center wing box,Japan,South,A,US Flyer,17401
Flexlink,Engine nacelles,USA,South,A,US Flyer,17401
Future Avionics,Engines,USA,South,A,US Flyer,17401
MC Technologies,Fixed and movable leading edge,USA,South,A,US Flyer,17401
Suki Corp,Fixed trailing edge,Japan,South,A,US Flyer,17401
MC Technologies,Forward fuselage,USA,South,A,US Flyer,17401
Suki Corp,Exterior Lighting,Japan,South,A,US Flyer,17401
Breda,Horizontal stabilizers,Italy,South,A,US Flyer,17401
Lancaster Co,Landing gear,England,South,A,US Flyer,17401
Millford Inc,Landing gear doors,Canada,South,A,US Flyer,17401
Suki Corp,Main landing gear wheel well,Japan,South,A,US Flyer,17401
Millford Inc,Movable trailing edge,Australia,South,A,US Flyer,17401
Akri,Passenger entry doors,France,South,A,US Flyer,17401
Millford Inc,Tail fin,USA,South,A,US Flyer,17401
Millford Inc,Wing/body fairing,Canada,South,A,US Flyer,17401
Tokyo Aviation,Wings,Japan,South,A,US Flyer,17401
KAC,Wingtips,Korea,South,A,US Flyer,17401
Lynden,Aft fuselage,USA,North,A,Royal Airline,17777
Astra,Cargo access doors,Sweden,North,A,Royal Airline,17777
Breda,Center fuselage,Italy,North,A,Royal Airline,17777
Toho,Center wing box,Japan,North,A,Royal Airline,17777
Flexlink,Engine nacelles,USA,North,A,Royal Airline,17777
Bentford Industries,Engines,England,North,A,Royal Airline,17777
MC Technologies,Fixed and movable leading edge,USA,North,A,Royal Airline,17777
Suki Corp,Fixed trailing edge,Japan,North,A,Royal Airline,17777
MC Technologies,Forward fuselage,USA,North,A,Royal Airline,17777
Suki Corp,Exterior Lighting,Japan,North,A,Royal Airline,17777
Breda,Horizontal stabilizers,Italy,North,A,Royal Airline,17777
Lancaster Co,Landing gear,England,North,A,Royal Airline,17777
Millford Inc,Landing gear doors,Canada,North,A,Royal Airline,17777
Suki Corp,Main landing gear wheel well,Japan,North,A,Royal Airline,17777
Millford Inc,Movable trailing edge,Australia,North,A,Royal Airline,17777
Akri,Passenger entry doors,France,North,A,Royal Airline,17777
Millford Inc,Tail fin,USA,North,A,Royal Airline,17777
Millford Inc,Wing/body fairing,Canada,North,A,Royal Airline,17777
Tokyo Aviation,Wings,Japan,North,A,Royal Airline,17777
KAC,Wingtips,Korea,North,A,Royal Airline,17777
Lynden,Aft fuselage,USA,North,C,Toho Airlines,19173
Astra,Cargo access doors,Sweden,North,C,Toho Airlines,19173
Breda,Center fuselage,Italy,North,C,Toho Airlines,19173
Toho,Center wing box,Japan,North,C,Toho Airlines,19173
Flexlink,Engine nacelles,USA,North,C,Toho Airlines,19173
Future Avionics,Engines,USA,North,C,Toho Airlines,19173
MC Technologies,Fixed and movable leading edge,USA,North,C,Toho Airlines,19173
Suki Corp,Fixed trailing edge,Japan,North,C,Toho Airlines,19173
MC Technologies,Forward fuselage,USA,North,C,Toho Airlines,19173
Suki Corp,Exterior Lighting,Japan,North,C,Toho Airlines,19173
Breda,Horizontal stabilizers,Italy,North,C,Toho Airlines,19173
Lancaster Co,Landing gear,England,North,C,Toho Airlines,19173
Millford Inc,Landing gear doors,Canada,North,C,Toho Airlines,19173
Suki Corp,Main landing gear wheel well,Japan,North,C,Toho Airlines,19173
Millford Inc,Movable trailing edge,Australia,North,C,Toho Airlines,19173
Akri,Passenger entry doors,France,North,C,Toho Airlines,19173
Millford Inc,Tail fin,USA,North,C,Toho Airlines,19173
Millford Inc,Wing/body fairing,Canada,North,C,Toho Airlines,19173
Tokyo Aviation,Wings,Japan,North,C,Toho Airlines,19173
KAC,Wingtips,Korea,North,C,Toho Airlines,19173
Lynden,Aft fuselage,USA,North,A,US Flyer,22587
Astra,Cargo access doors,Sweden,North,A,US Flyer,22587
Breda,Center fuselage,Italy,North,A,US Flyer,22587
Toho,Center wing box,Japan,North,A,US Flyer,22587
Flexlink,Engine nacelles,USA,North,A,US Flyer,22587
Future Avionics,Engines,USA,North,A,US Flyer,22587
MC Technologies,Fixed and movable leading edge,USA,North,A,US Flyer,22587
Suki Corp,Fixed trailing edge,Japan,North,A,US Flyer,22587
MC Technologies,Forward fuselage,USA,North,A,US Flyer,22587
Suki Corp,Exterior Lighting,Japan,North,A,US Flyer,22587
Breda,Horizontal stabilizers,Italy,North,A,US Flyer,22587
Lancaster Co,Landing gear,England,North,A,US Flyer,22587
Millford Inc,Landing gear doors,Canada,North,A,US Flyer,22587
Suki Corp,Main landing gear wheel well,Japan,North,A,US Flyer,22587
Millford Inc,Movable trailing edge,Australia,North,A,US Flyer,22587
Akri,Passenger entry doors,France,North,A,US Flyer,22587
Millford Inc,Tail fin,USA,North,A,US Flyer,22587
Millford Inc,Wing/body fairing,Canada,North,A,US Flyer,22587
Tokyo Aviation,Wings,Japan,North,A,US Flyer,22587
KAC,Wingtips,Korea,North,A,US Flyer,22587
Lynden,Aft fuselage,USA,South,C,Brazil Air,25082
Astra,Cargo access doors,Sweden,South,C,Brazil Air,25082
Breda,Center fuselage,Italy,South,C,Brazil Air,25082
Toho,Center wing box,Japan,South,C,Brazil Air,25082
Flexlink,Engine nacelles,USA,South,C,Brazil Air,25082
Bentford Industries,Engines,England,South,C,Brazil Air,25082
MC Technologies,Fixed and movable leading edge,USA,South,C,Brazil Air,25082
Suki Corp,Fixed trailing edge,Japan,South,C,Brazil Air,25082
MC Technologies,Forward fuselage,USA,South,C,Brazil Air,25082
Suki Corp,Exterior Lighting,Japan,South,C,Brazil Air,25082
Breda,Horizontal stabilizers,Italy,South,C,Brazil Air,25082
Lancaster Co,Landing gear,England,South,C,Brazil Air,25082
Millford Inc,Landing gear doors,Canada,South,C,Brazil Air,25082
Suki Corp,Main landing gear wheel well,Japan,South,C,Brazil Air,25082
Millford Inc,Movable trailing edge,Australia,South,C,Brazil Air,25082
Akri,Passenger entry doors,France,South,C,Brazil Air,25082
Millford Inc,Tail fin,USA,South,C,Brazil Air,25082
Millford Inc,Wing/body fairing,Canada,South,C,Brazil Air,25082
Tokyo Aviation,Wings,Japan,South,C,Brazil Air,25082
KAC,Wingtips,Korea,South,C,Brazil Air,25082
Lynden,Aft fuselage,USA,North,A,Royal Airline,27413
Astra,Cargo access doors,Sweden,North,A,Royal Airline,27413
Breda,Center fuselage,Italy,North,A,Royal Airline,27413
Toho,Center wing box,Japan,North,A,Royal Airline,27413
Flexlink,Engine nacelles,USA,North,A,Royal Airline,27413
Bentford Industries,Engines,England,North,A,Royal Airline,27413
MC Technologies,Fixed and movable leading edge,USA,North,A,Royal Airline,27413
Suki Corp,Fixed trailing edge,Japan,North,A,Royal Airline,27413
MC Technologies,Forward fuselage,USA,North,A,Royal Airline,27413
Suki Corp,Exterior Lighting,Japan,North,A,Royal Airline,27413
Breda,Horizontal stabilizers,Italy,North,A,Royal Airline,27413
Lancaster Co,Landing gear,England,North,A,Royal Airline,27413
Millford Inc,Landing gear doors,Canada,North,A,Royal Airline,27413
Suki Corp,Main landing gear wheel well,Japan,North,A,Royal Airline,27413
Millford Inc,Movable trailing edge,Australia,North,A,Royal Airline,27413
Akri,Passenger entry doors,France,North,A,Royal Airline,27413
Millford Inc,Tail fin,USA,North,A,Royal Airline,27413
Millford Inc,Wing/body fairing,Canada,North,A,Royal Airline,27413
Tokyo Aviation,Wings,Japan,North,A,Royal Airline,27413
KAC,Wingtips,Korea,North,A,Royal Airline,27413
Lynden,Aft fuselage,USA,North,A,Fly ME,28588
Astra,Cargo access doors,Sweden,North,A,Fly ME,28588
Breda,Center fuselage,Italy,North,A,Fly ME,28588
Toho,Center wing box,Japan,North,A,Fly ME,28588
Flexlink,Engine nacelles,USA,North,A,Fly ME,28588
Future Avionics,Engines,USA,North,A,Fly ME,28588
MC Technologies,Fixed and movable leading edge,USA,North,A,Fly ME,28588
Suki Corp,Fixed trailing edge,Japan,North,A,Fly ME,28588
MC Technologies,Forward fuselage,USA,North,A,Fly ME,28588
Suki Corp,Exterior Lighting,Japan,North,A,Fly ME,28588
Breda,Horizontal stabilizers,Italy,North,A,Fly ME,28588
Lancaster Co,Landing gear,England,North,A,Fly ME,28588
Millford Inc,Landing gear doors,Canada,North,A,Fly ME,28588
Suki Corp,Main landing gear wheel well,Japan,North,A,Fly ME,28588
Millford Inc,Movable trailing edge,Australia,North,A,Fly ME,28588
Akri,Passenger entry doors,France,North,A,Fly ME,28588
Millford Inc,Tail fin,USA,North,A,Fly ME,28588
Millford Inc,Wing/body fairing,Canada,North,A,Fly ME,28588
Tokyo Aviation,Wings,Japan,North,A,Fly ME,28588
KAC,Wingtips,Korea,North,A,Fly ME,28588
Lynden,Aft fuselage,USA,North,A,Pan Asia Airlines,28589
Astra,Cargo access doors,Sweden,North,A,Pan Asia Airlines,28589
Breda,Center fuselage,Italy,North,A,Pan Asia Airlines,28589
Toho,Center wing box,Japan,North,A,Pan Asia Airlines,28589
Flexlink,Engine nacelles,USA,North,A,Pan Asia Airlines,28589
Future Avionics,Engines,USA,North,A,Pan Asia Airlines,28589
MC Technologies,Fixed and movable leading edge,USA,North,A,Pan Asia Airlines,28589
Suki Corp,Fixed trailing edge,Japan,North,A,Pan Asia Airlines,28589
MC Technologies,Forward fuselage,USA,North,A,Pan Asia Airlines,28589
Suki Corp,Exterior Lighting,Japan,North,A,Pan Asia Airlines,28589
Breda,Horizontal stabilizers,Italy,North,A,Pan Asia Airlines,28589
Lancaster Co,Landing gear,England,North,A,Pan Asia Airlines,28589
Millford Inc,Landing gear doors,Canada,North,A,Pan Asia Airlines,28589
Suki Corp,Main landing gear wheel well,Japan,North,A,Pan Asia Airlines,28589
Millford Inc,Movable trailing edge,Australia,North,A,Pan Asia Airlines,28589
Akri,Passenger entry doors,France,North,A,Pan Asia Airlines,28589
Millford Inc,Tail fin,USA,North,A,Pan Asia Airlines,28589
Millford Inc,Wing/body fairing,Canada,North,A,Pan Asia Airlines,28589
Tokyo Aviation,Wings,Japan,North,A,Pan Asia Airlines,28589
KAC,Wingtips,Korea,North,A,Pan Asia Airlines,28589
Lynden,Aft fuselage,USA,South,B,Fly ME,29729
Astra,Cargo access doors,Sweden,South,B,Fly ME,29729
Breda,Center fuselage,Italy,South,B,Fly ME,29729
Toho,Center wing box,Japan,South,B,Fly ME,29729
Flexlink,Engine nacelles,USA,South,B,Fly ME,29729
Bentford Industries,Engines,England,South,B,Fly ME,29729
MC Technologies,Fixed and movable leading edge,USA,South,B,Fly ME,29729
Suki Corp,Fixed trailing edge,Japan,South,B,Fly ME,29729
MC Technologies,Forward fuselage,USA,South,B,Fly ME,29729
Suki Corp,Exterior Lighting,Japan,South,B,Fly ME,29729
Breda,Horizontal stabilizers,Italy,South,B,Fly ME,29729
Lancaster Co,Landing gear,England,South,B,Fly ME,29729
Millford Inc,Landing gear doors,Canada,South,B,Fly ME,29729
Suki Corp,Main landing gear wheel well,Japan,South,B,Fly ME,29729
Millford Inc,Movable trailing edge,Australia,South,B,Fly ME,29729
Akri,Passenger entry doors,France,South,B,Fly ME,29729
Millford Inc,Tail fin,USA,South,B,Fly ME,29729
Millford Inc,Wing/body fairing,Canada,South,B,Fly ME,29729
Tokyo Aviation,Wings,Japan,South,B,Fly ME,29729
KAC,Wingtips,Korea,South,B,Fly ME,29729
Lynden,Aft fuselage,USA,North,A,Fly ME,32164
Astra,Cargo access doors,Sweden,North,A,Fly ME,32164
Breda,Center fuselage,Italy,North,A,Fly ME,32164
Toho,Center wing box,Japan,North,A,Fly ME,32164
Flexlink,Engine nacelles,USA,North,A,Fly ME,32164
Bentford Industries,Engines,England,North,A,Fly ME,32164
MC Technologies,Fixed and movable leading edge,USA,North,A,Fly ME,32164
Suki Corp,Fixed trailing edge,Japan,North,A,Fly ME,32164
MC Technologies,Forward fuselage,USA,North,A,Fly ME,32164
Suki Corp,Exterior Lighting,Japan,North,A,Fly ME,32164
Breda,Horizontal stabilizers,Italy,North,A,Fly ME,32164
Lancaster Co,Landing gear,England,North,A,Fly ME,32164
Millford Inc,Landing gear doors,Canada,North,A,Fly ME,32164
Suki Corp,Main landing gear wheel well,Japan,North,A,Fly ME,32164
Millford Inc,Movable trailing edge,Australia,North,A,Fly ME,32164
Akri,Passenger entry doors,France,North,A,Fly ME,32164
Millford Inc,Tail fin,USA,North,A,Fly ME,32164
Millford Inc,Wing/body fairing,Canada,North,A,Fly ME,32164
Tokyo Aviation,Wings,Japan,North,A,Fly ME,32164
KAC,Wingtips,Korea,North,A,Fly ME,32164
Lynden,Aft fuselage,USA,North,C,Paragon Airlines,33885
Astra,Cargo access doors,Sweden,North,C,Paragon Airlines,33885
Breda,Center fuselage,Italy,North,C,Paragon Airlines,33885
Toho,Center wing box,Japan,North,C,Paragon Airlines,33885
Flexlink,Engine nacelles,USA,North,C,Paragon Airlines,33885
Future Avionics,Engines,USA,North,C,Paragon Airlines,33885
MC Technologies,Fixed and movable leading edge,USA,North,C,Paragon Airlines,33885
Suki Corp,Fixed trailing edge,Japan,North,C,Paragon Airlines,33885
MC Technologies,Forward fuselage,USA,North,C,Paragon Airlines,33885
Suki Corp,Exterior Lighting,Japan,North,C,Paragon Airlines,33885
Breda,Horizontal stabilizers,Italy,North,C,Paragon Airlines,33885
Lancaster Co,Landing gear,England,North,C,Paragon Airlines,33885
Millford Inc,Landing gear doors,Canada,North,C,Paragon Airlines,33885
Suki Corp,Main landing gear wheel well,Japan,North,C,Paragon Airlines,33885
Millford Inc,Movable trailing edge,Australia,North,C,Paragon Airlines,33885
Akri,Passenger entry doors,France,North,C,Paragon Airlines,33885
Millford Inc,Tail fin,USA,North,C,Paragon Airlines,33885
Millford Inc,Wing/body fairing,Canada,North,C,Paragon Airlines,33885
Tokyo Aviation,Wings,Japan,North,C,Paragon Airlines,33885
KAC,Wingtips,Korea,North,C,Paragon Airlines,33885
Lynden,Aft fuselage,USA,North,A,Toho Airlines,39484
Astra,Cargo access doors,Sweden,North,A,Toho Airlines,39484
Breda,Center fuselage,Italy,North,A,Toho Airlines,39484
Toho,Center wing box,Japan,North,A,Toho Airlines,39484
Flexlink,Engine nacelles,USA,North,A,Toho Airlines,39484
Bentford Industries,Engines,England,North,A,Toho Airlines,39484
MC Technologies,Fixed and movable leading edge,USA,North,A,Toho Airlines,39484
Suki Corp,Fixed trailing edge,Japan,North,A,Toho Airlines,39484
MC Technologies,Forward fuselage,USA,North,A,Toho Airlines,39484
Suki Corp,Exterior Lighting,Japan,North,A,Toho Airlines,39484
Breda,Horizontal stabilizers,Italy,North,A,Toho Airlines,39484
Lancaster Co,Landing gear,England,North,A,Toho Airlines,39484
Millford Inc,Landing gear doors,Canada,North,A,Toho Airlines,39484
Suki Corp,Main landing gear wheel well,Japan,North,A,Toho Airlines,39484
Millford Inc,Movable trailing edge,Australia,North,A,Toho Airlines,39484
Akri,Passenger entry doors,France,North,A,Toho Airlines,39484
Millford Inc,Tail fin,USA,North,A,Toho Airlines,39484
Millford Inc,Wing/body fairing,Canada,North,A,Toho Airlines,39484
Tokyo Aviation,Wings,Japan,North,A,Toho Airlines,39484
KAC,Wingtips,Korea,North,A,Toho Airlines,39484
Lynden,Aft fuselage,USA,North,A,Brazil Air,40661
Astra,Cargo access doors,Sweden,North,A,Brazil Air,40661
Breda,Center fuselage,Italy,North,A,Brazil Air,40661
Toho,Center wing box,Japan,North,A,Brazil Air,40661
Flexlink,Engine nacelles,USA,North,A,Brazil Air,40661
Bentford Industries,Engines,England,North,A,Brazil Air,40661
MC Technologies,Fixed and movable leading edge,USA,North,A,Brazil Air,40661
Suki Corp,Fixed trailing edge,Japan,North,A,Brazil Air,40661
MC Technologies,Forward fuselage,USA,North,A,Brazil Air,40661
Suki Corp,Exterior Lighting,Japan,North,A,Brazil Air,40661
Breda,Horizontal stabilizers,Italy,North,A,Brazil Air,40661
Lancaster Co,Landing gear,England,North,A,Brazil Air,40661
Millford Inc,Landing gear doors,Canada,North,A,Brazil Air,40661
Suki Corp,Main landing gear wheel well,Japan,North,A,Brazil Air,40661
Millford Inc,Movable trailing edge,Australia,North,A,Brazil Air,40661
Akri,Passenger entry doors,France,North,A,Brazil Air,40661
Millford Inc,Tail fin,USA,North,A,Brazil Air,40661
Millford Inc,Wing/body fairing,Canada,North,A,Brazil Air,40661
Tokyo Aviation,Wings,Japan,North,A,Brazil Air,40661
KAC,Wingtips,Korea,North,A,Brazil Air,40661
Lynden,Aft fuselage,USA,North,B,Kiwi Air,40918
Astra,Cargo access doors,Sweden,North,B,Kiwi Air,40918
Breda,Center fuselage,Italy,North,B,Kiwi Air,40918
Toho,Center wing box,Japan,North,B,Kiwi Air,40918
Flexlink,Engine nacelles,USA,North,B,Kiwi Air,40918
Bentford Industries,Engines,England,North,B,Kiwi Air,40918
MC Technologies,Fixed and movable leading edge,USA,North,B,Kiwi Air,40918
Suki Corp,Fixed trailing edge,Japan,North,B,Kiwi Air,40918
MC Technologies,Forward fuselage,USA,North,B,Kiwi Air,40918
Suki Corp,Exterior Lighting,Japan,North,B,Kiwi Air,40918
Breda,Horizontal stabilizers,Italy,North,B,Kiwi Air,40918
Lancaster Co,Landing gear,England,North,B,Kiwi Air,40918
Millford Inc,Landing gear doors,Canada,North,B,Kiwi Air,40918
Suki Corp,Main landing gear wheel well,Japan,North,B,Kiwi Air,40918
Millford Inc,Movable trailing edge,Australia,North,B,Kiwi Air,40918
Akri,Passenger entry doors,France,North,B,Kiwi Air,40918
Millford Inc,Tail fin,USA,North,B,Kiwi Air,40918
Millford Inc,Wing/body fairing,Canada,North,B,Kiwi Air,40918
Tokyo Aviation,Wings,Japan,North,B,Kiwi Air,40918
KAC,Wingtips,Korea,North,B,Kiwi Air,40918
Lynden,Aft fuselage,USA,South,A,Quantum Airways,41490
Astra,Cargo access doors,Sweden,South,A,Quantum Airways,41490
Breda,Center fuselage,Italy,South,A,Quantum Airways,41490
Toho,Center wing box,Japan,South,A,Quantum Airways,41490
Flexlink,Engine nacelles,USA,South,A,Quantum Airways,41490
Future Avionics,Engines,USA,South,A,Quantum Airways,41490
MC Technologies,Fixed and movable leading edge,USA,South,A,Quantum Airways,41490
Suki Corp,Fixed trailing edge,Japan,South,A,Quantum Airways,41490
MC Technologies,Forward fuselage,USA,South,A,Quantum Airways,41490
Suki Corp,Exterior Lighting,Japan,South,A,Quantum Airways,41490
Breda,Horizontal stabilizers,Italy,South,A,Quantum Airways,41490
Lancaster Co,Landing gear,England,South,A,Quantum Airways,41490
Millford Inc,Landing gear doors,Canada,South,A,Quantum Airways,41490
Suki Corp,Main landing gear wheel well,Japan,South,A,Quantum Airways,41490
Millford Inc,Movable trailing edge,Australia,South,A,Quantum Airways,41490
Akri,Passenger entry doors,France,South,A,Quantum Airways,41490
Millford Inc,Tail fin,USA,South,A,Quantum Airways,41490
Millford Inc,Wing/body fairing,Canada,South,A,Quantum Airways,41490
Tokyo Aviation,Wings,Japan,South,A,Quantum Airways,41490
KAC,Wingtips,Korea,South,A,Quantum Airways,41490
Lynden,Aft fuselage,USA,North,A,Royal Airline,42104
Astra,Cargo access doors,Sweden,North,A,Royal Airline,42104
Breda,Center fuselage,Italy,North,A,Royal Airline,42104
Toho,Center wing box,Japan,North,A,Royal Airline,42104
Flexlink,Engine nacelles,USA,North,A,Royal Airline,42104
Future Avionics,Engines,USA,North,A,Royal Airline,42104
MC Technologies,Fixed and movable leading edge,USA,North,A,Royal Airline,42104
Suki Corp,Fixed trailing edge,Japan,North,A,Royal Airline,42104
MC Technologies,Forward fuselage,USA,North,A,Royal Airline,42104
Suki Corp,Exterior Lighting,Japan,North,A,Royal Airline,42104
Breda,Horizontal stabilizers,Italy,North,A,Royal Airline,42104
Lancaster Co,Landing gear,England,North,A,Royal Airline,42104
Millford Inc,Landing gear doors,Canada,North,A,Royal Airline,42104
Suki Corp,Main landing gear wheel well,Japan,North,A,Royal Airline,42104
Millford Inc,Movable trailing edge,Australia,North,A,Royal Airline,42104
Akri,Passenger entry doors,France,North,A,Royal Airline,42104
Millford Inc,Tail fin,USA,North,A,Royal Airline,42104
Millford Inc,Wing/body fairing,Canada,North,A,Royal Airline,42104
Tokyo Aviation,Wings,Japan,North,A,Royal Airline,42104
KAC,Wingtips,Korea,North,A,Royal Airline,42104
Lynden,Aft fuselage,USA,South,A,Quantum Airways,43556
Astra,Cargo access doors,Sweden,South,A,Quantum Airways,43556
Breda,Center fuselage,Italy,South,A,Quantum Airways,43556
Toho,Center wing box,Japan,South,A,Quantum Airways,43556
Flexlink,Engine nacelles,USA,South,A,Quantum Airways,43556
Future Avionics,Engines,USA,South,A,Quantum Airways,43556
MC Technologies,Fixed and movable leading edge,USA,South,A,Quantum Airways,43556
Suki Corp,Fixed trailing edge,Japan,South,A,Quantum Airways,43556
MC Technologies,Forward fuselage,USA,South,A,Quantum Airways,43556
Suki Corp,Exterior Lighting,Japan,South,A,Quantum Airways,43556
Breda,Horizontal stabilizers,Italy,South,A,Quantum Airways,43556
Lancaster Co,Landing gear,England,South,A,Quantum Airways,43556
Millford Inc,Landing gear doors,Canada,South,A,Quantum Airways,43556
Suki Corp,Main landing gear wheel well,Japan,South,A,Quantum Airways,43556
Millford Inc,Movable trailing edge,Australia,South,A,Quantum Airways,43556
Akri,Passenger entry doors,France,South,A,Quantum Airways,43556
Millford Inc,Tail fin,USA,South,A,Quantum Airways,43556
Millford Inc,Wing/body fairing,Canada,South,A,Quantum Airways,43556
Tokyo Aviation,Wings,Japan,South,A,Quantum Airways,43556
KAC,Wingtips,Korea,South,A,Quantum Airways,43556
Lynden,Aft fuselage,USA,North,A,Paragon Airlines,53841
Astra,Cargo access doors,Sweden,North,A,Paragon Airlines,53841
Breda,Center fuselage,Italy,North,A,Paragon Airlines,53841
Toho,Center wing box,Japan,North,A,Paragon Airlines,53841
Flexlink,Engine nacelles,USA,North,A,Paragon Airlines,53841
Future Avionics,Engines,USA,North,A,Paragon Airlines,53841
MC Technologies,Fixed and movable leading edge,USA,North,A,Paragon Airlines,53841
Suki Corp,Fixed trailing edge,Japan,North,A,Paragon Airlines,53841
MC Technologies,Forward fuselage,USA,North,A,Paragon Airlines,53841
Suki Corp,Exterior Lighting,Japan,North,A,Paragon Airlines,53841
Breda,Horizontal stabilizers,Italy,North,A,Paragon Airlines,53841
Lancaster Co,Landing gear,England,North,A,Paragon Airlines,53841
Millford Inc,Landing gear doors,Canada,North,A,Paragon Airlines,53841
Suki Corp,Main landing gear wheel well,Japan,North,A,Paragon Airlines,53841
Millford Inc,Movable trailing edge,Australia,North,A,Paragon Airlines,53841
Akri,Passenger entry doors,France,North,A,Paragon Airlines,53841
Millford Inc,Tail fin,USA,North,A,Paragon Airlines,53841
Millford Inc,Wing/body fairing,Canada,North,A,Paragon Airlines,53841
Tokyo Aviation,Wings,Japan,North,A,Paragon Airlines,53841
KAC,Wingtips,Korea,North,A,Paragon Airlines,53841
Lynden,Aft fuselage,USA,South,B,Silver Jet,58831
Astra,Cargo access doors,Sweden,South,B,Silver Jet,58831
Breda,Center fuselage,Italy,South,B,Silver Jet,58831
Toho,Center wing box,Japan,South,B,Silver Jet,58831
Flexlink,Engine nacelles,USA,South,B,Silver Jet,58831
Bentford Industries,Engines,England,South,B,Silver Jet,58831
MC Technologies,Fixed and movable leading edge,USA,South,B,Silver Jet,58831
Suki Corp,Fixed trailing edge,Japan,South,B,Silver Jet,58831
MC Technologies,Forward fuselage,USA,South,B,Silver Jet,58831
Suki Corp,Exterior Lighting,Japan,South,B,Silver Jet,58831
Breda,Horizontal stabilizers,Italy,South,B,Silver Jet,58831
Lancaster Co,Landing gear,England,South,B,Silver Jet,58831
Millford Inc,Landing gear doors,Canada,South,B,Silver Jet,58831
Suki Corp,Main landing gear wheel well,Japan,South,B,Silver Jet,58831
Millford Inc,Movable trailing edge,Australia,South,B,Silver Jet,58831
Akri,Passenger entry doors,France,South,B,Silver Jet,58831
Millford Inc,Tail fin,USA,South,B,Silver Jet,58831
Millford Inc,Wing/body fairing,Canada,South,B,Silver Jet,58831
Tokyo Aviation,Wings,Japan,South,B,Silver Jet,58831
KAC,Wingtips,Korea,South,B,Silver Jet,58831
Lynden,Aft fuselage,USA,North,A,Go There Aiways,59222
Astra,Cargo access doors,Sweden,North,A,Go There Aiways,59222
Breda,Center fuselage,Italy,North,A,Go There Aiways,59222
Toho,Center wing box,Japan,North,A,Go There Aiways,59222
Flexlink,Engine nacelles,USA,North,A,Go There Aiways,59222
Bentford Industries,Engines,England,North,A,Go There Aiways,59222
MC Technologies,Fixed and movable leading edge,USA,North,A,Go There Aiways,59222
Suki Corp,Fixed trailing edge,Japan,North,A,Go There Aiways,59222
MC Technologies,Forward fuselage,USA,North,A,Go There Aiways,59222
Suki Corp,Exterior Lighting,Japan,North,A,Go There Aiways,59222
Breda,Horizontal stabilizers,Italy,North,A,Go There Aiways,59222
Lancaster Co,Landing gear,England,North,A,Go There Aiways,59222
Millford Inc,Landing gear doors,Canada,North,A,Go There Aiways,59222
Suki Corp,Main landing gear wheel well,Japan,North,A,Go There Aiways,59222
Millford Inc,Movable trailing edge,Australia,North,A,Go There Aiways,59222
Akri,Passenger entry doors,France,North,A,Go There Aiways,59222
Millford Inc,Tail fin,USA,North,A,Go There Aiways,59222
Millford Inc,Wing/body fairing,Canada,North,A,Go There Aiways,59222
Tokyo Aviation,Wings,Japan,North,A,Go There Aiways,59222
KAC,Wingtips,Korea,North,A,Go There Aiways,59222
Lynden,Aft fuselage,USA,North,A,Go There Aiways,62032
Astra,Cargo access doors,Sweden,North,A,Go There Aiways,62032
Breda,Center fuselage,Italy,North,A,Go There Aiways,62032
Toho,Center wing box,Japan,North,A,Go There Aiways,62032
Flexlink,Engine nacelles,USA,North,A,Go There Aiways,62032
Bentford Industries,Engines,England,North,A,Go There Aiways,62032
MC Technologies,Fixed and movable leading edge,USA,North,A,Go There Aiways,62032
Suki Corp,Fixed trailing edge,Japan,North,A,Go There Aiways,62032
MC Technologies,Forward fuselage,USA,North,A,Go There Aiways,62032
Suki Corp,Exterior Lighting,Japan,North,A,Go There Aiways,62032
Breda,Horizontal stabilizers,Italy,North,A,Go There Aiways,62032
Lancaster Co,Landing gear,England,North,A,Go There Aiways,62032
Millford Inc,Landing gear doors,Canada,North,A,Go There Aiways,62032
Suki Corp,Main landing gear wheel well,Japan,North,A,Go There Aiways,62032
Millford Inc,Movable trailing edge,Australia,North,A,Go There Aiways,62032
Akri,Passenger entry doors,France,North,A,Go There Aiways,62032
Millford Inc,Tail fin,USA,North,A,Go There Aiways,62032
Millford Inc,Wing/body fairing,Canada,North,A,Go There Aiways,62032
Tokyo Aviation,Wings,Japan,North,A,Go There Aiways,62032
KAC,Wingtips,Korea,North,A,Go There Aiways,62032
Lynden,Aft fuselage,USA,North,A,Paragon Airlines,64581
Astra,Cargo access doors,Sweden,North,A,Paragon Airlines,64581
Breda,Center fuselage,Italy,North,A,Paragon Airlines,64581
Toho,Center wing box,Japan,North,A,Paragon Airlines,64581
Flexlink,Engine nacelles,USA,North,A,Paragon Airlines,64581
Future Avionics,Engines,USA,North,A,Paragon Airlines,64581
MC Technologies,Fixed and movable leading edge,USA,North,A,Paragon Airlines,64581
Suki Corp,Fixed trailing edge,Japan,North,A,Paragon Airlines,64581
MC Technologies,Forward fuselage,USA,North,A,Paragon Airlines,64581
Suki Corp,Exterior Lighting,Japan,North,A,Paragon Airlines,64581
Breda,Horizontal stabilizers,Italy,North,A,Paragon Airlines,64581
Lancaster Co,Landing gear,England,North,A,Paragon Airlines,64581
Millford Inc,Landing gear doors,Canada,North,A,Paragon Airlines,64581
Suki Corp,Main landing gear wheel well,Japan,North,A,Paragon Airlines,64581
Millford Inc,Movable trailing edge,Australia,North,A,Paragon Airlines,64581
Akri,Passenger entry doors,France,North,A,Paragon Airlines,64581
Millford Inc,Tail fin,USA,North,A,Paragon Airlines,64581
Millford Inc,Wing/body fairing,Canada,North,A,Paragon Airlines,64581
Tokyo Aviation,Wings,Japan,North,A,Paragon Airlines,64581
KAC,Wingtips,Korea,North,A,Paragon Airlines,64581
Lynden,Aft fuselage,USA,South,A,Kiwi Air,65257
Astra,Cargo access doors,Sweden,South,A,Kiwi Air,65257
Breda,Center fuselage,Italy,South,A,Kiwi Air,65257
Toho,Center wing box,Japan,South,A,Kiwi Air,65257
Flexlink,Engine nacelles,USA,South,A,Kiwi Air,65257
Bentford Industries,Engines,England,South,A,Kiwi Air,65257
MC Technologies,Fixed and movable leading edge,USA,South,A,Kiwi Air,65257
Suki Corp,Fixed trailing edge,Japan,South,A,Kiwi Air,65257
MC Technologies,Forward fuselage,USA,South,A,Kiwi Air,65257
Suki Corp,Exterior Lighting,Japan,South,A,Kiwi Air,65257
Breda,Horizontal stabilizers,Italy,South,A,Kiwi Air,65257
Lancaster Co,Landing gear,England,South,A,Kiwi Air,65257
Millford Inc,Landing gear doors,Canada,South,A,Kiwi Air,65257
Suki Corp,Main landing gear wheel well,Japan,South,A,Kiwi Air,65257
Millford Inc,Movable trailing edge,Australia,South,A,Kiwi Air,65257
Akri,Passenger entry doors,France,South,A,Kiwi Air,65257
Millford Inc,Tail fin,USA,South,A,Kiwi Air,65257
Millford Inc,Wing/body fairing,Canada,South,A,Kiwi Air,65257
Tokyo Aviation,Wings,Japan,South,A,Kiwi Air,65257
KAC,Wingtips,Korea,South,A,Kiwi Air,65257
Lynden,Aft fuselage,USA,South,A,Fly Asia,65491
Astra,Cargo access doors,Sweden,South,A,Fly Asia,65491
Breda,Center fuselage,Italy,South,A,Fly Asia,65491
Toho,Center wing box,Japan,South,A,Fly Asia,65491
Flexlink,Engine nacelles,USA,South,A,Fly Asia,65491
Future Avionics,Engines,USA,South,A,Fly Asia,65491
MC Technologies,Fixed and movable leading edge,USA,South,A,Fly Asia,65491
Suki Corp,Fixed trailing edge,Japan,South,A,Fly Asia,65491
MC Technologies,Forward fuselage,USA,South,A,Fly Asia,65491
Suki Corp,Exterior Lighting,Japan,South,A,Fly Asia,65491
Breda,Horizontal stabilizers,Italy,South,A,Fly Asia,65491
Lancaster Co,Landing gear,England,South,A,Fly Asia,65491
Millford Inc,Landing gear doors,Canada,South,A,Fly Asia,65491
Suki Corp,Main landing gear wheel well,Japan,South,A,Fly Asia,65491
Millford Inc,Movable trailing edge,Australia,South,A,Fly Asia,65491
Akri,Passenger entry doors,France,South,A,Fly Asia,65491
Millford Inc,Tail fin,USA,South,A,Fly Asia,65491
Millford Inc,Wing/body fairing,Canada,South,A,Fly Asia,65491
Tokyo Aviation,Wings,Japan,South,A,Fly Asia,65491
KAC,Wingtips,Korea,South,A,Fly Asia,65491
Lynden,Aft fuselage,USA,South,A,Quantum Airways,68733
Astra,Cargo access doors,Sweden,South,A,Quantum Airways,68733
Breda,Center fuselage,Italy,South,A,Quantum Airways,68733
Toho,Center wing box,Japan,South,A,Quantum Airways,68733
Flexlink,Engine nacelles,USA,South,A,Quantum Airways,68733
Bentford Industries,Engines,England,South,A,Quantum Airways,68733
MC Technologies,Fixed and movable leading edge,USA,South,A,Quantum Airways,68733
Suki Corp,Fixed trailing edge,Japan,South,A,Quantum Airways,68733
MC Technologies,Forward fuselage,USA,South,A,Quantum Airways,68733
Suki Corp,Exterior Lighting,Japan,South,A,Quantum Airways,68733
Breda,Horizontal stabilizers,Italy,South,A,Quantum Airways,68733
Lancaster Co,Landing gear,England,South,A,Quantum Airways,68733
Millford Inc,Landing gear doors,Canada,South,A,Quantum Airways,68733
Suki Corp,Main landing gear wheel well,Japan,South,A,Quantum Airways,68733
Millford Inc,Movable trailing edge,Australia,South,A,Quantum Airways,68733
Akri,Passenger entry doors,France,South,A,Quantum Airways,68733
Millford Inc,Tail fin,USA,South,A,Quantum Airways,68733
Millford Inc,Wing/body fairing,Canada,South,A,Quantum Airways,68733
Tokyo Aviation,Wings,Japan,South,A,Quantum Airways,68733
KAC,Wingtips,Korea,South,A,Quantum Airways,68733
Lynden,Aft fuselage,USA,North,B,Fly GB,69403
Astra,Cargo access doors,Sweden,North,B,Fly GB,69403
Breda,Center fuselage,Italy,North,B,Fly GB,69403
Toho,Center wing box,Japan,North,B,Fly GB,69403
Flexlink,Engine nacelles,USA,North,B,Fly GB,69403
Bentford Industries,Engines,England,North,B,Fly GB,69403
MC Technologies,Fixed and movable leading edge,USA,North,B,Fly GB,69403
Suki Corp,Fixed trailing edge,Japan,North,B,Fly GB,69403
MC Technologies,Forward fuselage,USA,North,B,Fly GB,69403
Suki Corp,Exterior Lighting,Japan,North,B,Fly GB,69403
Breda,Horizontal stabilizers,Italy,North,B,Fly GB,69403
Lancaster Co,Landing gear,England,North,B,Fly GB,69403
Millford Inc,Landing gear doors,Canada,North,B,Fly GB,69403
Suki Corp,Main landing gear wheel well,Japan,North,B,Fly GB,69403
Millford Inc,Movable trailing edge,Australia,North,B,Fly GB,69403
Akri,Passenger entry doors,France,North,B,Fly GB,69403
Millford Inc,Tail fin,USA,North,B,Fly GB,69403
Millford Inc,Wing/body fairing,Canada,North,B,Fly GB,69403
Tokyo Aviation,Wings,Japan,North,B,Fly GB,69403
KAC,Wingtips,Korea,North,B,Fly GB,69403
Lynden,Aft fuselage,USA,North,A,Crescent Airways,72895
Astra,Cargo access doors,Sweden,North,A,Crescent Airways,72895
Breda,Center fuselage,Italy,North,A,Crescent Airways,72895
Toho,Center wing box,Japan,North,A,Crescent Airways,72895
Flexlink,Engine nacelles,USA,North,A,Crescent Airways,72895
Bentford Industries,Engines,England,North,A,Crescent Airways,72895
MC Technologies,Fixed and movable leading edge,USA,North,A,Crescent Airways,72895
Suki Corp,Fixed trailing edge,Japan,North,A,Crescent Airways,72895
MC Technologies,Forward fuselage,USA,North,A,Crescent Airways,72895
Suki Corp,Exterior Lighting,Japan,North,A,Crescent Airways,72895
Breda,Horizontal stabilizers,Italy,North,A,Crescent Airways,72895
Lancaster Co,Landing gear,England,North,A,Crescent Airways,72895
Millford Inc,Landing gear doors,Canada,North,A,Crescent Airways,72895
Suki Corp,Main landing gear wheel well,Japan,North,A,Crescent Airways,72895
Millford Inc,Movable trailing edge,Australia,North,A,Crescent Airways,72895
Akri,Passenger entry doors,France,North,A,Crescent Airways,72895
Millford Inc,Tail fin,USA,North,A,Crescent Airways,72895
Millford Inc,Wing/body fairing,Canada,North,A,Crescent Airways,72895
Tokyo Aviation,Wings,Japan,North,A,Crescent Airways,72895
KAC,Wingtips,Korea,North,A,Crescent Airways,72895
Lynden,Aft fuselage,USA,North,A,Pan Asia Airlines,73873
Astra,Cargo access doors,Sweden,North,A,Pan Asia Airlines,73873
Breda,Center fuselage,Italy,North,A,Pan Asia Airlines,73873
Toho,Center wing box,Japan,North,A,Pan Asia Airlines,73873
Flexlink,Engine nacelles,USA,North,A,Pan Asia Airlines,73873
Future Avionics,Engines,USA,North,A,Pan Asia Airlines,73873
MC Technologies,Fixed and movable leading edge,USA,North,A,Pan Asia Airlines,73873
Suki Corp,Fixed trailing edge,Japan,North,A,Pan Asia Airlines,73873
MC Technologies,Forward fuselage,USA,North,A,Pan Asia Airlines,73873
Suki Corp,Exterior Lighting,Japan,North,A,Pan Asia Airlines,73873
Breda,Horizontal stabilizers,Italy,North,A,Pan Asia Airlines,73873
Lancaster Co,Landing gear,England,North,A,Pan Asia Airlines,73873
Millford Inc,Landing gear doors,Canada,North,A,Pan Asia Airlines,73873
Suki Corp,Main landing gear wheel well,Japan,North,A,Pan Asia Airlines,73873
Millford Inc,Movable trailing edge,Australia,North,A,Pan Asia Airlines,73873
Akri,Passenger entry doors,France,North,A,Pan Asia Airlines,73873
Millford Inc,Tail fin,USA,North,A,Pan Asia Airlines,73873
Millford Inc,Wing/body fairing,Canada,North,A,Pan Asia Airlines,73873
Tokyo Aviation,Wings,Japan,North,A,Pan Asia Airlines,73873
KAC,Wingtips,Korea,North,A,Pan Asia Airlines,73873
Lynden,Aft fuselage,USA,South,C,Paragon Airlines,74831
Astra,Cargo access doors,Sweden,South,C,Paragon Airlines,74831
Breda,Center fuselage,Italy,South,C,Paragon Airlines,74831
Toho,Center wing box,Japan,South,C,Paragon Airlines,74831
Flexlink,Engine nacelles,USA,South,C,Paragon Airlines,74831
Bentford Industries,Engines,England,South,C,Paragon Airlines,74831
MC Technologies,Fixed and movable leading edge,USA,South,C,Paragon Airlines,74831
Suki Corp,Fixed trailing edge,Japan,South,C,Paragon Airlines,74831
MC Technologies,Forward fuselage,USA,South,C,Paragon Airlines,74831
Suki Corp,Exterior Lighting,Japan,South,C,Paragon Airlines,74831
Breda,Horizontal stabilizers,Italy,South,C,Paragon Airlines,74831
Lancaster Co,Landing gear,England,South,C,Paragon Airlines,74831
Millford Inc,Landing gear doors,Canada,South,C,Paragon Airlines,74831
Suki Corp,Main landing gear wheel well,Japan,South,C,Paragon Airlines,74831
Millford Inc,Movable trailing edge,Australia,South,C,Paragon Airlines,74831
Akri,Passenger entry doors,France,South,C,Paragon Airlines,74831
Millford Inc,Tail fin,USA,South,C,Paragon Airlines,74831
Millford Inc,Wing/body fairing,Canada,South,C,Paragon Airlines,74831
Tokyo Aviation,Wings,Japan,South,C,Paragon Airlines,74831
KAC,Wingtips,Korea,South,C,Paragon Airlines,74831
Lynden,Aft fuselage,USA,North,B,Pan Asia Airlines,78487
Astra,Cargo access doors,Sweden,North,B,Pan Asia Airlines,78487
Breda,Center fuselage,Italy,North,B,Pan Asia Airlines,78487
Toho,Center wing box,Japan,North,B,Pan Asia Airlines,78487
Flexlink,Engine nacelles,USA,North,B,Pan Asia Airlines,78487
Bentford Industries,Engines,England,North,B,Pan Asia Airlines,78487
MC Technologies,Fixed and movable leading edge,USA,North,B,Pan Asia Airlines,78487
Suki Corp,Fixed trailing edge,Japan,North,B,Pan Asia Airlines,78487
MC Technologies,Forward fuselage,USA,North,B,Pan Asia Airlines,78487
Suki Corp,Exterior Lighting,Japan,North,B,Pan Asia Airlines,78487
Breda,Horizontal stabilizers,Italy,North,B,Pan Asia Airlines,78487
Lancaster Co,Landing gear,England,North,B,Pan Asia Airlines,78487
Millford Inc,Landing gear doors,Canada,North,B,Pan Asia Airlines,78487
Suki Corp,Main landing gear wheel well,Japan,North,B,Pan Asia Airlines,78487
Millford Inc,Movable trailing edge,Australia,North,B,Pan Asia Airlines,78487
Akri,Passenger entry doors,France,North,B,Pan Asia Airlines,78487
Millford Inc,Tail fin,USA,North,B,Pan Asia Airlines,78487
Millford Inc,Wing/body fairing,Canada,North,B,Pan Asia Airlines,78487
Tokyo Aviation,Wings,Japan,North,B,Pan Asia Airlines,78487
KAC,Wingtips,Korea,North,B,Pan Asia Airlines,78487
Lynden,Aft fuselage,USA,North,B,Paragon Airlines,82141
Astra,Cargo access doors,Sweden,North,B,Paragon Airlines,82141
Breda,Center fuselage,Italy,North,B,Paragon Airlines,82141
Toho,Center wing box,Japan,North,B,Paragon Airlines,82141
Flexlink,Engine nacelles,USA,North,B,Paragon Airlines,82141
Future Avionics,Engines,USA,North,B,Paragon Airlines,82141
MC Technologies,Fixed and movable leading edge,USA,North,B,Paragon Airlines,82141
Suki Corp,Fixed trailing edge,Japan,North,B,Paragon Airlines,82141
MC Technologies,Forward fuselage,USA,North,B,Paragon Airlines,82141
Suki Corp,Exterior Lighting,Japan,North,B,Paragon Airlines,82141
Breda,Horizontal stabilizers,Italy,North,B,Paragon Airlines,82141
Lancaster Co,Landing gear,England,North,B,Paragon Airlines,82141
Millford Inc,Landing gear doors,Canada,North,B,Paragon Airlines,82141
Suki Corp,Main landing gear wheel well,Japan,North,B,Paragon Airlines,82141
Millford Inc,Movable trailing edge,Australia,North,B,Paragon Airlines,82141
Akri,Passenger entry doors,France,North,B,Paragon Airlines,82141
Millford Inc,Tail fin,USA,North,B,Paragon Airlines,82141
Millford Inc,Wing/body fairing,Canada,North,B,Paragon Airlines,82141
Tokyo Aviation,Wings,Japan,North,B,Paragon Airlines,82141
KAC,Wingtips,Korea,North,B,Paragon Airlines,82141
Lynden,Aft fuselage,USA,South,A,Fly GB,83346
Astra,Cargo access doors,Sweden,South,A,Fly GB,83346
Breda,Center fuselage,Italy,South,A,Fly GB,83346
Toho,Center wing box,Japan,South,A,Fly GB,83346
Flexlink,Engine nacelles,USA,South,A,Fly GB,83346
Bentford Industries,Engines,England,South,A,Fly GB,83346
MC Technologies,Fixed and movable leading edge,USA,South,A,Fly GB,83346
Suki Corp,Fixed trailing edge,Japan,South,A,Fly GB,83346
MC Technologies,Forward fuselage,USA,South,A,Fly GB,83346
Suki Corp,Exterior Lighting,Japan,South,A,Fly GB,83346
Breda,Horizontal stabilizers,Italy,South,A,Fly GB,83346
Lancaster Co,Landing gear,England,South,A,Fly GB,83346
Millford Inc,Landing gear doors,Canada,South,A,Fly GB,83346
Suki Corp,Main landing gear wheel well,Japan,South,A,Fly GB,83346
Millford Inc,Movable trailing edge,Australia,South,A,Fly GB,83346
Akri,Passenger entry doors,France,South,A,Fly GB,83346
Millford Inc,Tail fin,USA,South,A,Fly GB,83346
Millford Inc,Wing/body fairing,Canada,South,A,Fly GB,83346
Tokyo Aviation,Wings,Japan,South,A,Fly GB,83346
KAC,Wingtips,Korea,South,A,Fly GB,83346
Lynden,Aft fuselage,USA,North,B,Fly Asia,87764
Astra,Cargo access doors,Sweden,North,B,Fly Asia,87764
Breda,Center fuselage,Italy,North,B,Fly Asia,87764
Toho,Center wing box,Japan,North,B,Fly Asia,87764
Flexlink,Engine nacelles,USA,North,B,Fly Asia,87764
Bentford Industries,Engines,England,North,B,Fly Asia,87764
MC Technologies,Fixed and movable leading edge,USA,North,B,Fly Asia,87764
Suki Corp,Fixed trailing edge,Japan,North,B,Fly Asia,87764
MC Technologies,Forward fuselage,USA,North,B,Fly Asia,87764
Suki Corp,Exterior Lighting,Japan,North,B,Fly Asia,87764
Breda,Horizontal stabilizers,Italy,North,B,Fly Asia,87764
Lancaster Co,Landing gear,England,North,B,Fly Asia,87764
Millford Inc,Landing gear doors,Canada,North,B,Fly Asia,87764
Suki Corp,Main landing gear wheel well,Japan,North,B,Fly Asia,87764
Millford Inc,Movable trailing edge,Australia,North,B,Fly Asia,87764
Akri,Passenger entry doors,France,North,B,Fly Asia,87764
Millford Inc,Tail fin,USA,North,B,Fly Asia,87764
Millford Inc,Wing/body fairing,Canada,North,B,Fly Asia,87764
Tokyo Aviation,Wings,Japan,North,B,Fly Asia,87764
KAC,Wingtips,Korea,North,B,Fly Asia,87764
Lynden,Aft fuselage,USA,South,A,Crescent Airways,87927
Astra,Cargo access doors,Sweden,South,A,Crescent Airways,87927
Breda,Center fuselage,Italy,South,A,Crescent Airways,87927
Toho,Center wing box,Japan,South,A,Crescent Airways,87927
Flexlink,Engine nacelles,USA,South,A,Crescent Airways,87927
Future Avionics,Engines,USA,South,A,Crescent Airways,87927
MC Technologies,Fixed and movable leading edge,USA,South,A,Crescent Airways,87927
Suki Corp,Fixed trailing edge,Japan,South,A,Crescent Airways,87927
MC Technologies,Forward fuselage,USA,South,A,Crescent Airways,87927
Suki Corp,Exterior Lighting,Japan,South,A,Crescent Airways,87927
Breda,Horizontal stabilizers,Italy,South,A,Crescent Airways,87927
Lancaster Co,Landing gear,England,South,A,Crescent Airways,87927
Millford Inc,Landing gear doors,Canada,South,A,Crescent Airways,87927
Suki Corp,Main landing gear wheel well,Japan,South,A,Crescent Airways,87927
Millford Inc,Movable trailing edge,Australia,South,A,Crescent Airways,87927
Akri,Passenger entry doors,France,South,A,Crescent Airways,87927
Millford Inc,Tail fin,USA,South,A,Crescent Airways,87927
Millford Inc,Wing/body fairing,Canada,South,A,Crescent Airways,87927
Tokyo Aviation,Wings,Japan,South,A,Crescent Airways,87927
KAC,Wingtips,Korea,South,A,Crescent Airways,87927
Lynden,Aft fuselage,USA,North,A,Crescent Airways,90855
Astra,Cargo access doors,Sweden,North,A,Crescent Airways,90855
Breda,Center fuselage,Italy,North,A,Crescent Airways,90855
Toho,Center wing box,Japan,North,A,Crescent Airways,90855
Flexlink,Engine nacelles,USA,North,A,Crescent Airways,90855
Bentford Industries,Engines,England,North,A,Crescent Airways,90855
MC Technologies,Fixed and movable leading edge,USA,North,A,Crescent Airways,90855
Suki Corp,Fixed trailing edge,Japan,North,A,Crescent Airways,90855
MC Technologies,Forward fuselage,USA,North,A,Crescent Airways,90855
Suki Corp,Exterior Lighting,Japan,North,A,Crescent Airways,90855
Breda,Horizontal stabilizers,Italy,North,A,Crescent Airways,90855
Lancaster Co,Landing gear,England,North,A,Crescent Airways,90855
Millford Inc,Landing gear doors,Canada,North,A,Crescent Airways,90855
Suki Corp,Main landing gear wheel well,Japan,North,A,Crescent Airways,90855
Millford Inc,Movable trailing edge,Australia,North,A,Crescent Airways,90855
Akri,Passenger entry doors,France,North,A,Crescent Airways,90855
Millford Inc,Tail fin,USA,North,A,Crescent Airways,90855
Millford Inc,Wing/body fairing,Canada,North,A,Crescent Airways,90855
Tokyo Aviation,Wings,Japan,North,A,Crescent Airways,90855
KAC,Wingtips,Korea,North,A,Crescent Airways,90855
Lynden,Aft fuselage,USA,South,A,US Flyer,91007
Astra,Cargo access doors,Sweden,South,A,US Flyer,91007
Breda,Center fuselage,Italy,South,A,US Flyer,91007
Toho,Center wing box,Japan,South,A,US Flyer,91007
Flexlink,Engine nacelles,USA,South,A,US Flyer,91007
Bentford Industries,Engines,England,South,A,US Flyer,91007
MC Technologies,Fixed and movable leading edge,USA,South,A,US Flyer,91007
Suki Corp,Fixed trailing edge,Japan,South,A,US Flyer,91007
MC Technologies,Forward fuselage,USA,South,A,US Flyer,91007
Suki Corp,Exterior Lighting,Japan,South,A,US Flyer,91007
Breda,Horizontal stabilizers,Italy,South,A,US Flyer,91007
Lancaster Co,Landing gear,England,South,A,US Flyer,91007
Millford Inc,Landing gear doors,Canada,South,A,US Flyer,91007
Suki Corp,Main landing gear wheel well,Japan,South,A,US Flyer,91007
Millford Inc,Movable trailing edge,Australia,South,A,US Flyer,91007
Akri,Passenger entry doors,France,South,A,US Flyer,91007
Millford Inc,Tail fin,USA,South,A,US Flyer,91007
Millford Inc,Wing/body fairing,Canada,South,A,US Flyer,91007
Tokyo Aviation,Wings,Japan,South,A,US Flyer,91007
KAC,Wingtips,Korea,South,A,US Flyer,91007
Lynden,Aft fuselage,USA,North,A,Paragon Airlines,93393
Astra,Cargo access doors,Sweden,North,A,Paragon Airlines,93393
Breda,Center fuselage,Italy,North,A,Paragon Airlines,93393
Toho,Center wing box,Japan,North,A,Paragon Airlines,93393
Flexlink,Engine nacelles,USA,North,A,Paragon Airlines,93393
Future Avionics,Engines,USA,North,A,Paragon Airlines,93393
MC Technologies,Fixed and movable leading edge,USA,North,A,Paragon Airlines,93393
Suki Corp,Fixed trailing edge,Japan,North,A,Paragon Airlines,93393
MC Technologies,Forward fuselage,USA,North,A,Paragon Airlines,93393
Suki Corp,Exterior Lighting,Japan,North,A,Paragon Airlines,93393
Breda,Horizontal stabilizers,Italy,North,A,Paragon Airlines,93393
Lancaster Co,Landing gear,England,North,A,Paragon Airlines,93393
Millford Inc,Landing gear doors,Canada,North,A,Paragon Airlines,93393
Suki Corp,Main landing gear wheel well,Japan,North,A,Paragon Airlines,93393
Millford Inc,Movable trailing edge,Australia,North,A,Paragon Airlines,93393
Akri,Passenger entry doors,France,North,A,Paragon Airlines,93393
Millford Inc,Tail fin,USA,North,A,Paragon Airlines,93393
Millford Inc,Wing/body fairing,Canada,North,A,Paragon Airlines,93393
Tokyo Aviation,Wings,Japan,North,A,Paragon Airlines,93393
KAC,Wingtips,Korea,North,A,Paragon Airlines,93393
Lynden,Aft fuselage,USA,South,C,Fly ME,93617
Astra,Cargo access doors,Sweden,South,C,Fly ME,93617
Breda,Center fuselage,Italy,South,C,Fly ME,93617
Toho,Center wing box,Japan,South,C,Fly ME,93617
Flexlink,Engine nacelles,USA,South,C,Fly ME,93617
Bentford Industries,Engines,England,South,C,Fly ME,93617
MC Technologies,Fixed and movable leading edge,USA,South,C,Fly ME,93617
Suki Corp,Fixed trailing edge,Japan,South,C,Fly ME,93617
MC Technologies,Forward fuselage,USA,South,C,Fly ME,93617
Suki Corp,Exterior Lighting,Japan,South,C,Fly ME,93617
Breda,Horizontal stabilizers,Italy,South,C,Fly ME,93617
Lancaster Co,Landing gear,England,South,C,Fly ME,93617
Millford Inc,Landing gear doors,Canada,South,C,Fly ME,93617
Suki Corp,Main landing gear wheel well,Japan,South,C,Fly ME,93617
Millford Inc,Movable trailing edge,Australia,South,C,Fly ME,93617
Akri,Passenger entry doors,France,South,C,Fly ME,93617
Millford Inc,Tail fin,USA,South,C,Fly ME,93617
Millford Inc,Wing/body fairing,Canada,South,C,Fly ME,93617
Tokyo Aviation,Wings,Japan,South,C,Fly ME,93617
KAC,Wingtips,Korea,South,C,Fly ME,93617
Lynden,Aft fuselage,USA,South,C,Fly ME,93618
Astra,Cargo access doors,Sweden,South,C,Fly ME,93618
Breda,Center fuselage,Italy,South,C,Fly ME,93618
Toho,Center wing box,Japan,South,C,Fly ME,93618
Flexlink,Engine nacelles,USA,South,C,Fly ME,93618
Bentford Industries,Engines,England,South,C,Fly ME,93618
MC Technologies,Fixed and movable leading edge,USA,South,C,Fly ME,93618
Suki Corp,Fixed trailing edge,Japan,South,C,Fly ME,93618
MC Technologies,Forward fuselage,USA,South,C,Fly ME,93618
Suki Corp,Exterior Lighting,Japan,South,C,Fly ME,93618
Breda,Horizontal stabilizers,Italy,South,C,Fly ME,93618
Lancaster Co,Landing gear,England,South,C,Fly ME,93618
Millford Inc,Landing gear doors,Canada,South,C,Fly ME,93618
Suki Corp,Main landing gear wheel well,Japan,South,C,Fly ME,93618
Millford Inc,Movable trailing edge,Australia,South,C,Fly ME,93618
Akri,Passenger entry doors,France,South,C,Fly ME,93618
Millford Inc,Tail fin,USA,South,C,Fly ME,93618
Millford Inc,Wing/body fairing,Canada,South,C,Fly ME,93618
Tokyo Aviation,Wings,Japan,South,C,Fly ME,93618
KAC,Wingtips,Korea,South,C,Fly ME,93618
Lynden,Aft fuselage,USA,South,A,Silver Jet,94193
Astra,Cargo access doors,Sweden,South,A,Silver Jet,94193
Breda,Center fuselage,Italy,South,A,Silver Jet,94193
Toho,Center wing box,Japan,South,A,Silver Jet,94193
Flexlink,Engine nacelles,USA,South,A,Silver Jet,94193
Future Avionics,Engines,USA,South,A,Silver Jet,94193
MC Technologies,Fixed and movable leading edge,USA,South,A,Silver Jet,94193
Suki Corp,Fixed trailing edge,Japan,South,A,Silver Jet,94193
MC Technologies,Forward fuselage,USA,South,A,Silver Jet,94193
Suki Corp,Exterior Lighting,Japan,South,A,Silver Jet,94193
Breda,Horizontal stabilizers,Italy,South,A,Silver Jet,94193
Lancaster Co,Landing gear,England,South,A,Silver Jet,94193
Millford Inc,Landing gear doors,Canada,South,A,Silver Jet,94193
Suki Corp,Main landing gear wheel well,Japan,South,A,Silver Jet,94193
Millford Inc,Movable trailing edge,Australia,South,A,Silver Jet,94193
Akri,Passenger entry doors,France,South,A,Silver Jet,94193
Millford Inc,Tail fin,USA,South,A,Silver Jet,94193
Millford Inc,Wing/body fairing,Canada,South,A,Silver Jet,94193
Tokyo Aviation,Wings,Japan,South,A,Silver Jet,94193
KAC,Wingtips,Korea,South,A,Silver Jet,94193
Lynden,Aft fuselage,USA,North,A,Paragon Airlines,95471
Astra,Cargo access doors,Sweden,North,A,Paragon Airlines,95471
Breda,Center fuselage,Italy,North,A,Paragon Airlines,95471
Toho,Center wing box,Japan,North,A,Paragon Airlines,95471
Flexlink,Engine nacelles,USA,North,A,Paragon Airlines,95471
Future Avionics,Engines,USA,North,A,Paragon Airlines,95471
MC Technologies,Fixed and movable leading edge,USA,North,A,Paragon Airlines,95471
Suki Corp,Fixed trailing edge,Japan,North,A,Paragon Airlines,95471
MC Technologies,Forward fuselage,USA,North,A,Paragon Airlines,95471
Suki Corp,Exterior Lighting,Japan,North,A,Paragon Airlines,95471
Breda,Horizontal stabilizers,Italy,North,A,Paragon Airlines,95471
Lancaster Co,Landing gear,England,North,A,Paragon Airlines,95471
Millford Inc,Landing gear doors,Canada,North,A,Paragon Airlines,95471
Suki Corp,Main landing gear wheel well,Japan,North,A,Paragon Airlines,95471
Millford Inc,Movable trailing edge,Australia,North,A,Paragon Airlines,95471
Akri,Passenger entry doors,France,North,A,Paragon Airlines,95471
Millford Inc,Tail fin,USA,North,A,Paragon Airlines,95471
Millford Inc,Wing/body fairing,Canada,North,A,Paragon Airlines,95471
Tokyo Aviation,Wings,Japan,North,A,Paragon Airlines,95471
KAC,Wingtips,Korea,North,A,Paragon Airlines,95471
Lynden,Aft fuselage,USA,North,A,Pan Asia Airlines,96693
Astra,Cargo access doors,Sweden,North,A,Pan Asia Airlines,96693
Breda,Center fuselage,Italy,North,A,Pan Asia Airlines,96693
Toho,Center wing box,Japan,North,A,Pan Asia Airlines,96693
Flexlink,Engine nacelles,USA,North,A,Pan Asia Airlines,96693
Bentford Industries,Engines,England,North,A,Pan Asia Airlines,96693
MC Technologies,Fixed and movable leading edge,USA,North,A,Pan Asia Airlines,96693
Suki Corp,Fixed trailing edge,Japan,North,A,Pan Asia Airlines,96693
MC Technologies,Forward fuselage,USA,North,A,Pan Asia Airlines,96693
Suki Corp,Exterior Lighting,Japan,North,A,Pan Asia Airlines,96693
Breda,Horizontal stabilizers,Italy,North,A,Pan Asia Airlines,96693
Lancaster Co,Landing gear,England,North,A,Pan Asia Airlines,96693
Millford Inc,Landing gear doors,Canada,North,A,Pan Asia Airlines,96693
Suki Corp,Main landing gear wheel well,Japan,North,A,Pan Asia Airlines,96693
Millford Inc,Movable trailing edge,Australia,North,A,Pan Asia Airlines,96693
Akri,Passenger entry doors,France,North,A,Pan Asia Airlines,96693
Millford Inc,Tail fin,USA,North,A,Pan Asia Airlines,96693
Millford Inc,Wing/body fairing,Canada,North,A,Pan Asia Airlines,96693
Tokyo Aviation,Wings,Japan,North,A,Pan Asia Airlines,96693
KAC,Wingtips,Korea,North,A,Pan Asia Airlines,96693
Lynden,Aft fuselage,USA,South,A,US Flyer,99848
Astra,Cargo access doors,Sweden,South,A,US Flyer,99848
Breda,Center fuselage,Italy,South,A,US Flyer,99848
Toho,Center wing box,Japan,South,A,US Flyer,99848
Flexlink,Engine nacelles,USA,South,A,US Flyer,99848
Future Avionics,Engines,USA,South,A,US Flyer,99848
MC Technologies,Fixed and movable leading edge,USA,South,A,US Flyer,99848
Suki Corp,Fixed trailing edge,Japan,South,A,US Flyer,99848
MC Technologies,Forward fuselage,USA,South,A,US Flyer,99848
Suki Corp,Exterior Lighting,Japan,South,A,US Flyer,99848
Breda,Horizontal stabilizers,Italy,South,A,US Flyer,99848
Lancaster Co,Landing gear,England,South,A,US Flyer,99848
Millford Inc,Landing gear doors,Canada,South,A,US Flyer,99848
Suki Corp,Main landing gear wheel well,Japan,South,A,US Flyer,99848
Millford Inc,Movable trailing edge,Australia,South,A,US Flyer,99848
Akri,Passenger entry doors,France,South,A,US Flyer,99848
Millford Inc,Tail fin,USA,South,A,US Flyer,99848
Millford Inc,Wing/body fairing,Canada,South,A,US Flyer,99848
Tokyo Aviation,Wings,Japan,South,A,US Flyer,99848
KAC,Wingtips,Korea,South,A,US Flyer,99848
Lynden,Aft fuselage,USA,North,A,US Flyer,99935
Astra,Cargo access doors,Sweden,North,A,US Flyer,99935
Breda,Center fuselage,Italy,North,A,US Flyer,99935
Toho,Center wing box,Japan,North,A,US Flyer,99935
Flexlink,Engine nacelles,USA,North,A,US Flyer,99935
Future Avionics,Engines,USA,North,A,US Flyer,99935
MC Technologies,Fixed and movable leading edge,USA,North,A,US Flyer,99935
Suki Corp,Fixed trailing edge,Japan,North,A,US Flyer,99935
MC Technologies,Forward fuselage,USA,North,A,US Flyer,99935
Suki Corp,Exterior Lighting,Japan,North,A,US Flyer,99935
Breda,Horizontal stabilizers,Italy,North,A,US Flyer,99935
Lancaster Co,Landing gear,England,North,A,US Flyer,99935
Millford Inc,Landing gear doors,Canada,North,A,US Flyer,99935
Suki Corp,Main landing gear wheel well,Japan,North,A,US Flyer,99935
Millford Inc,Movable trailing edge,Australia,North,A,US Flyer,99935
Akri,Passenger entry doors,France,North,A,US Flyer,99935
Millford Inc,Tail fin,USA,North,A,US Flyer,99935
Millford Inc,Wing/body fairing,Canada,North,A,US Flyer,99935
Tokyo Aviation,Wings,Japan,North,A,US Flyer,99935
KAC,Wingtips,Korea,North,A,US Flyer,99935